,,1060,1101,1420,1510,1570,1581,1606,1701,1730,1752,1772,1801,1821,1843,1845,1854,1867,1876,1886,1887,1890,1910,1970,1984,2108,2110,2111,2114,2115,2116,2120,2129,2132,2134,2135,2138,2139,2142,2155,2188,2199,2210,2215,2332,2370,2451,2453,2466,2467,2481,2493,2747,2766,2822,2840,2903,2914,2917,3054,3101,3103,3109,3431,3755,3766,3820,3906,4047,4092,4101,4276,5401,6032,6033,6035,6040,6043,6050,6051,6062,6082,6084,6091,6095,6096,6102,6103,6105,6106,6108,6115,6156,6183,6241,6269,6320,6340,6349,6415,6451,6457,6484,6492,6510,6516,6517,6524,6615,6810,6814,6824,6825,6830,6840,6851,6854,6870,6877,6897,6901,6902,6903,6927
Zip,id,1,2,3,4,5,6,7,8,9,10,11,12,13,14,15,16,17,18,19,20,21,22,23,24,25,26,27,28,29,30,31,32,33,34,35,36,37,38,39,40,41,42,43,44,45,46,47,48,49,50,51,52,53,54,55,56,57,58,59,60,61,62,63,64,65,66,67,68,69,70,71,72,73,74,75,76,77,78,79,80,81,82,83,84,85,86,87,88,89,90,91,92,93,94,95,96,97,98,99,100,101,102,103,104,105,106,107,108,109,110,111,112,113,114,115,116,117,118,119,120,121,122,123
1060,1,0,19,68,82,70,74,69,84,104,83,82,109,111,116,119,106,113,110,101,113,108,113,122,127,103,105,103,104,103,102,104,107,100,100,98,102,101,103,110,117,102,105,101,134,123,97,94,93,99,91,97,125,106,109,131,99,101,93,127,137,136,141,61,120,107,162,176,185,205,203,256,191,55,52,44,52,57,56,57,59,29,45,46,38,34,46,45,46,48,46,45,46,45,85,66,95,99,95,71,67,62,92,68,84,88,80,80,100,106,105,102,102,125,116,112,116,126,110,113,123,123,121,122
1101,2,19,0,81,68,55,60,55,70,90,69,68,95,97,102,105,92,99,96,87,99,94,99,108,113,89,90,89,89,89,88,90,93,86,86,84,88,86,89,96,103,88,91,87,120,109,83,80,79,85,77,82,110,92,90,116,85,87,79,113,123,122,127,79,138,126,148,162,197,190,189,257,210,36,34,25,34,39,38,38,40,10,27,30,19,15,28,26,28,29,28,27,28,27,71,48,76,81,76,52,48,44,74,50,65,70,61,61,81,87,86,83,83,106,97,94,97,108,91,94,104,105,103,103
1420,3,68,81,0,17,45,41,25,43,34,36,38,48,39,43,46,33,50,37,28,46,47,61,61,66,52,59,53,58,52,47,53,57,49,45,47,42,45,59,53,66,52,54,50,83,71,37,42,42,47,44,40,94,70,92,100,69,71,63,33,42,40,45,39,109,104,89,103,138,132,130,198,188,101,97,105,90,85,103,100,105,90,75,111,95,95,92,91,93,94,88,92,92,91,61,74,101,105,101,102,111,107,137,113,128,133,124,126,144,152,151,146,146,169,161,157,161,171,156,157,167,168,166,166
1510,4,82,68,17,0,32,18,11,20,35,13,15,42,32,36,40,27,44,31,21,39,41,54,54,59,44,46,45,45,45,44,45,48,41,42,39,36,42,44,47,58,44,46,42,76,64,38,36,35,40,30,23,83,47,80,88,60,62,51,48,58,56,61,59,138,129,82,96,131,125,123,191,224,89,84,93,78,72,90,87,93,78,62,99,83,83,79,78,80,82,75,79,80,78,48,61,88,92,88,89,99,94,124,100,116,120,112,114,132,139,139,134,134,157,148,144,148,158,144,145,155,155,153,154
1570,5,70,55,45,32,0,26,20,38,58,35,35,63,63,67,70,57,66,61,52,70,62,66,76,80,56,58,57,57,56,56,57,60,53,54,51,56,54,56,64,70,56,58,54,81,76,50,47,47,52,44,50,61,47,46,67,35,37,29,78,88,87,92,86,168,159,113,127,162,156,154,222,254,78,74,82,67,55,79,77,82,67,51,88,72,72,69,68,69,71,65,68,69,68,18,35,58,63,58,60,88,83,113,90,100,105,103,103,116,129,128,124,124,146,138,133,133,143,133,135,139,140,143,143
1581,6,74,60,41,18,26,0,15,12,33,10,7,38,41,45,49,36,42,40,30,49,37,42,51,56,32,34,32,32,32,31,33,36,29,29,27,31,29,32,39,46,31,34,30,63,52,26,23,22,28,19,25,72,36,73,81,49,51,35,57,67,65,70,74,147,138,91,105,140,134,133,201,233,81,77,85,70,64,82,80,85,70,54,91,75,75,72,71,72,74,68,71,72,71,42,53,82,87,82,84,91,86,116,93,108,112,104,106,124,132,131,126,126,149,140,136,140,151,136,137,147,147,145,146
1606,7,69,55,25,11,20,15,0,25,50,19,21,56,47,51,54,41,58,45,36,54,55,60,69,73,50,52,50,51,50,49,51,54,47,47,45,50,48,50,57,64,49,52,48,81,70,44,41,41,46,36,32,70,53,68,76,44,46,39,62,72,71,76,66,152,143,97,111,146,139,138,206,238,77,73,81,66,60,78,76,81,66,50,87,71,71,68,67,68,70,64,67,68,67,36,49,76,81,76,78,87,82,112,89,104,108,100,102,120,128,127,122,122,145,136,132,136,147,132,133,143,143,141,142
1701,8,84,70,43,20,38,12,25,0,22,6,8,27,29,50,53,40,31,44,35,31,26,33,40,45,23,25,24,24,24,23,24,27,18,21,18,23,21,23,31,35,23,25,21,52,41,15,15,14,17,11,11,77,42,78,86,54,56,41,61,71,70,75,79,151,142,86,101,135,129,128,196,237,92,87,95,80,75,93,90,96,81,65,102,86,86,82,81,83,85,78,82,83,81,53,64,93,97,93,94,102,97,127,103,118,123,115,117,135,142,142,137,137,160,151,147,151,161,147,148,158,158,156,157
1730,9,104,90,34,35,58,33,50,22,0,24,30,10,6,20,24,14,14,15,13,14,10,23,23,28,22,21,22,21,24,21,24,19,20,21,18,14,17,22,15,37,23,22,21,54,43,8,13,13,19,15,11,74,46,82,90,58,60,59,32,42,41,45,75,122,113,66,81,115,109,108,176,208,111,106,115,99,94,112,109,115,100,84,121,105,105,101,100,102,104,97,101,102,100,72,83,113,110,112,113,121,116,146,122,137,142,134,136,154,161,161,156,156,179,170,166,170,180,166,167,177,177,175,176
1752,10,83,69,36,13,35,10,19,6,24,0,3,30,36,40,44,31,33,35,25,43,29,39,43,47,30,31,30,30,30,29,30,33,27,27,24,26,27,29,28,44,29,31,27,61,49,17,17,20,25,17,13,75,39,76,84,52,54,38,52,62,60,65,69,142,133,86,100,135,129,128,196,228,90,86,94,79,74,92,89,94,80,64,100,84,85,81,80,82,83,77,81,81,80,51,63,91,95,91,92,100,96,126,102,117,122,113,115,133,141,140,136,135,158,150,146,150,160,145,147,157,157,155,155
1772,11,82,68,38,15,35,7,21,8,30,3,0,36,40,44,47,34,39,38,29,39,35,39,48,53,29,31,30,30,29,29,30,33,26,27,24,29,27,29,37,43,29,31,27,60,49,23,20,20,25,16,15,72,37,73,81,49,51,36,55,65,64,69,73,145,136,90,104,139,132,131,199,231,88,83,92,76,71,89,86,92,77,61,98,82,82,78,77,79,81,74,78,79,77,49,60,89,93,89,90,98,93,123,99,114,119,111,113,131,138,138,133,133,156,147,143,147,157,143,144,154,154,152,153
1801,12,109,95,48,42,63,38,56,27,10,30,36,0,9,18,18,21,5,15,25,9,4,10,15,20,12,12,12,11,14,12,14,10,24,17,23,19,14,12,6,27,14,13,17,45,33,13,18,18,23,20,16,72,50,87,82,63,65,64,39,46,41,43,88,122,113,62,76,111,105,103,171,208,115,111,119,104,99,117,114,119,104,89,125,109,109,106,105,107,108,102,106,106,105,77,88,118,115,117,118,125,121,151,127,142,147,138,140,158,166,165,160,160,183,174,171,174,185,170,171,181,182,180,180
1821,13,111,97,39,32,63,41,47,29,6,36,40,9,0,17,21,11,10,7,15,8,9,22,22,27,21,20,21,20,22,21,23,18,25,26,24,20,22,21,15,36,22,22,27,53,42,14,19,19,24,21,17,79,51,88,96,64,66,65,29,39,37,42,78,119,110,63,77,112,106,105,173,205,116,112,120,105,100,118,115,120,105,90,126,110,110,107,106,108,109,103,107,107,106,77,89,117,116,117,118,126,122,152,128,143,148,139,141,159,167,166,161,161,184,175,172,175,186,171,172,182,183,181,181
1843,14,116,102,43,36,67,45,51,50,20,40,44,18,17,0,6,16,11,8,19,11,21,30,30,34,28,27,28,27,29,28,30,25,40,32,32,27,29,28,22,43,29,28,33,60,49,29,34,33,39,35,32,87,66,103,98,78,80,79,34,34,30,32,83,111,102,49,63,98,91,90,158,196,122,118,126,111,106,124,121,126,111,96,132,116,117,113,112,114,115,109,113,113,112,82,95,122,126,122,123,132,128,158,134,149,154,145,147,165,173,172,167,167,190,182,178,182,192,177,179,188,189,187,187
1845,15,119,105,46,40,70,49,54,53,24,44,47,18,21,6,0,20,13,13,24,11,21,20,15,14,28,28,28,27,30,28,30,26,41,33,33,27,30,28,22,43,30,29,33,61,49,29,34,34,39,36,32,87,67,103,98,79,81,80,38,37,32,34,87,113,104,49,64,98,92,91,159,199,127,122,130,115,110,128,125,131,116,100,137,121,121,117,116,118,120,113,117,118,116,86,99,126,130,126,127,137,132,162,138,153,158,150,152,170,177,177,172,172,195,186,182,186,196,182,183,193,193,191,192
1854,16,106,92,33,27,57,36,41,40,14,31,34,21,11,16,20,0,25,9,9,21,22,36,36,40,34,34,34,33,36,34,39,32,35,36,33,29,32,34,28,52,38,35,36,69,58,24,29,28,34,30,27,89,65,98,105,73,75,74,19,29,28,33,64,109,100,63,78,112,106,105,173,195,113,109,117,102,97,115,112,117,102,87,123,107,107,104,103,104,106,100,104,104,103,73,86,113,117,113,114,123,119,149,125,140,145,136,138,156,164,163,158,158,181,172,169,172,183,168,169,179,180,178,178
1867,17,113,99,50,44,66,42,58,31,14,33,39,5,10,11,13,25,0,12,28,6,10,13,13,18,17,16,17,16,18,17,19,14,28,21,27,22,18,17,11,32,18,17,22,49,38,17,22,21,27,23,20,76,54,91,87,67,68,67,42,43,38,40,91,119,110,60,74,109,102,101,169,205,119,115,123,108,102,120,118,123,108,92,129,113,113,110,109,110,112,106,109,110,109,80,91,121,118,120,122,129,124,154,131,146,150,142,144,162,170,169,164,164,187,178,174,178,189,174,175,185,185,183,184
1876,18,110,96,37,31,61,40,45,44,15,35,38,15,7,8,13,9,12,0,14,6,18,27,27,31,25,24,25,24,26,25,27,23,36,29,34,30,27,25,19,40,26,26,30,57,46,24,29,29,35,31,27,84,62,98,95,74,76,75,29,37,33,34,78,113,104,55,69,104,98,96,164,199,117,113,121,106,101,119,116,121,106,91,127,111,111,108,107,109,110,104,108,108,107,77,90,117,121,117,118,127,123,153,129,144,149,140,142,160,168,167,162,162,185,177,173,177,187,172,173,183,184,182,182
1886,19,101,87,28,21,52,30,36,35,13,25,29,25,15,19,24,9,28,14,0,23,25,38,38,43,37,36,37,36,38,37,42,34,38,39,36,32,34,37,31,55,41,37,39,72,60,26,31,31,36,33,29,95,59,96,104,72,74,58,23,33,32,37,68,113,104,66,80,115,109,107,175,199,108,103,112,96,91,109,106,112,97,81,118,102,102,98,97,99,101,94,98,99,97,67,80,107,111,107,108,118,113,143,119,134,139,131,133,151,158,158,153,153,176,167,163,167,177,163,164,174,174,172,173
1887,20,113,99,46,39,70,49,54,31,14,43,39,9,8,11,11,21,6,6,23,0,11,20,20,24,18,17,18,17,20,18,20,16,30,22,23,17,20,18,12,33,19,19,23,50,39,19,24,24,29,26,22,77,56,93,88,69,71,70,39,39,34,36,87,115,106,57,71,106,100,99,167,201,121,117,125,110,105,123,120,125,110,95,131,115,115,112,111,112,114,108,112,112,111,83,94,124,121,123,124,131,127,157,133,148,153,144,146,164,172,171,166,166,189,180,177,180,191,176,177,187,188,186,186
1890,21,108,94,47,41,62,37,55,26,10,29,35,4,9,21,21,22,10,18,25,11,0,11,21,26,9,9,9,8,11,9,11,7,25,8,9,6,7,9,3,25,11,10,14,42,30,13,18,18,23,20,16,69,51,87,79,63,65,64,39,49,47,49,88,128,119,68,82,117,110,109,177,213,115,111,119,104,99,117,114,120,105,89,126,110,110,106,105,107,108,102,106,107,105,77,88,118,115,117,118,125,121,151,127,142,147,138,141,158,166,165,161,160,183,175,171,175,185,170,172,182,182,180,180
1910,22,113,99,61,54,66,42,60,33,23,39,39,10,22,30,20,36,13,27,38,20,11,0,7,18,12,11,12,11,13,12,14,11,20,14,16,17,13,12,9,27,13,10,15,44,33,28,23,21,17,25,26,71,50,86,82,62,64,63,54,59,54,56,103,135,126,59,73,108,102,100,168,221,120,115,124,109,103,121,118,124,109,93,130,114,114,110,109,111,113,106,110,111,109,81,92,117,114,118,122,130,125,155,131,147,151,143,145,163,170,170,165,165,188,179,175,179,189,175,176,186,186,184,185
1970,23,122,108,61,54,76,51,69,40,23,43,48,15,22,30,15,36,13,27,38,20,21,7,0,8,22,21,22,21,23,22,24,21,38,26,26,32,23,22,20,37,23,23,27,54,43,27,32,31,37,33,30,81,64,101,92,77,78,77,53,57,53,54,102,133,124,53,67,102,96,95,163,219,129,125,133,118,112,130,127,133,118,102,139,123,123,119,119,120,122,115,119,120,119,90,101,131,128,130,132,139,134,164,140,156,160,152,154,172,179,179,174,174,197,188,184,188,199,184,185,195,195,193,194
1984,24,127,113,66,59,80,56,73,45,28,47,53,20,27,34,14,40,18,31,43,24,26,18,8,0,26,25,26,25,27,26,28,25,42,30,31,36,28,26,24,41,27,27,31,58,47,31,36,35,41,38,34,85,68,105,96,81,83,82,57,61,57,58,106,137,128,49,63,98,92,91,158,223,133,129,137,122,117,135,132,137,122,107,143,127,127,124,123,124,126,120,124,124,123,95,105,136,132,135,136,143,138,168,145,160,164,156,158,176,184,183,178,178,201,192,188,192,203,188,189,199,199,197,198
2108,25,103,89,52,44,56,32,50,23,22,30,29,12,21,28,28,34,17,25,37,18,9,12,22,26,0,2,1,1,2,1,3,3,9,4,5,6,2,2,7,17,1,2,5,34,22,16,14,11,6,15,16,61,39,76,72,52,54,52,51,55,51,52,100,131,122,66,80,115,109,107,175,217,110,106,114,99,93,111,109,114,99,83,120,104,104,101,100,101,103,97,100,101,100,71,82,107,103,107,113,120,115,145,122,137,141,133,135,153,161,160,155,155,178,169,165,169,180,165,166,176,176,174,175
2110,26,105,90,59,46,58,34,52,25,21,31,31,12,20,27,28,34,16,24,36,17,9,11,21,25,2,0,1,1,4,2,4,2,9,6,8,8,4,2,7,17,3,2,6,34,22,18,15,12,8,16,17,61,39,76,71,51,53,52,51,55,50,52,100,131,122,65,79,114,108,107,175,217,111,107,115,100,95,113,110,115,100,85,121,105,105,102,101,102,104,98,102,102,101,73,84,106,103,107,114,121,117,147,123,138,143,134,136,154,162,161,156,156,179,170,167,170,181,166,167,177,178,176,176
2111,27,103,89,53,45,57,32,50,24,22,30,30,12,21,28,28,34,17,25,37,18,9,12,22,26,1,1,0,2,3,2,3,4,9,5,7,7,5,3,7,16,2,2,5,33,21,17,14,11,7,15,16,60,38,75,71,51,52,51,51,55,51,52,100,132,122,66,80,115,109,108,176,217,110,106,114,99,94,112,109,114,99,84,120,104,105,101,100,102,103,97,101,101,100,72,83,106,102,106,113,120,116,146,122,137,142,133,135,153,161,160,156,155,178,170,166,170,180,165,167,177,177,175,175
2114,28,104,89,58,45,57,32,51,24,21,30,30,11,20,27,27,33,16,24,36,17,8,11,21,25,1,1,2,0,3,2,4,2,9,6,6,6,3,2,6,17,3,2,7,34,23,18,15,12,7,16,18,61,40,76,72,52,54,53,50,54,50,51,99,131,121,65,79,114,108,107,175,216,112,107,116,100,95,113,110,116,101,85,122,106,106,102,101,103,105,98,102,103,101,73,84,107,104,108,114,122,117,147,123,138,143,135,137,155,162,162,157,157,180,171,167,171,181,167,168,178,178,176,177
2115,29,103,89,52,45,56,32,50,24,24,30,29,14,22,29,30,36,18,26,38,20,11,13,23,27,2,4,3,3,0,2,1,4,7,5,6,7,2,3,9,16,1,4,5,33,22,17,14,11,5,11,16,60,38,75,71,51,53,52,53,57,52,54,94,133,124,68,82,117,111,109,177,219,110,106,114,99,94,112,109,114,99,84,120,104,104,101,100,101,103,97,101,101,100,72,83,106,103,112,113,120,116,146,122,137,142,133,135,153,161,160,155,155,178,169,166,169,180,165,166,176,177,175,175
2116,30,102,88,47,44,56,31,49,23,21,29,29,12,21,28,28,34,17,25,37,18,9,12,22,26,1,2,2,2,2,0,2,3,8,4,5,6,2,3,7,17,1,3,4,34,23,16,13,10,6,14,15,61,39,76,72,52,54,53,51,55,51,52,93,132,122,66,80,115,109,108,176,217,109,105,113,98,93,111,108,113,98,83,119,103,103,100,99,100,102,96,100,100,99,71,81,107,104,111,112,119,115,145,121,136,140,132,134,152,160,159,154,154,177,168,165,168,179,164,165,175,176,174,174
2120,31,104,90,53,45,57,33,51,24,24,30,30,14,23,30,30,39,19,27,42,20,11,14,24,28,3,4,3,4,1,2,0,5,6,5,5,6,3,4,9,16,1,5,6,33,22,14,11,10,4,10,14,60,33,69,71,45,47,46,53,57,53,54,92,134,124,68,82,117,111,110,178,219,111,107,115,100,94,112,110,115,100,84,121,105,105,102,101,102,104,98,101,102,101,72,83,100,97,101,114,121,116,146,123,138,142,134,136,154,162,161,156,156,179,170,166,170,181,166,167,177,177,175,176
2129,32,107,93,57,48,60,36,54,27,19,33,33,10,18,25,26,32,14,23,34,16,7,11,21,25,3,2,4,2,4,3,5,0,10,7,7,7,3,2,5,19,4,4,8,36,25,20,17,14,8,18,20,63,41,78,74,54,56,55,49,53,49,50,98,129,120,65,79,114,108,106,174,215,113,109,117,102,97,115,112,118,103,87,124,108,108,104,103,105,107,100,104,105,103,75,86,109,106,110,116,123,119,149,125,140,145,136,139,156,164,164,159,159,181,173,169,173,183,169,170,180,180,178,179
2132,33,100,86,49,41,53,29,47,18,20,27,26,24,25,40,41,35,28,36,38,30,25,20,38,42,9,9,9,9,7,8,6,10,0,8,6,10,9,9,15,20,7,10,11,37,25,13,11,9,3,9,13,57,29,65,73,41,43,42,53,63,62,66,91,143,134,85,99,134,128,126,194,229,108,103,112,97,91,109,106,112,97,81,118,102,102,98,97,99,101,94,98,99,97,69,80,96,93,97,110,118,113,143,119,135,139,131,133,151,158,158,153,153,176,167,163,167,177,163,164,174,174,172,173
2134,34,100,86,45,42,54,29,47,21,21,27,27,17,26,32,33,36,21,29,39,22,8,14,26,30,4,6,5,6,5,4,5,7,8,0,3,3,1,4,10,20,4,6,2,37,26,14,11,8,5,12,13,64,43,79,75,55,57,56,54,58,54,55,86,135,125,69,83,118,112,111,179,220,107,103,111,96,91,109,106,111,97,81,117,101,102,98,97,99,100,94,98,98,97,69,80,109,107,109,110,117,113,143,119,134,139,130,132,150,158,157,153,152,175,167,163,167,177,162,164,174,174,172,172
2135,35,98,84,47,39,51,27,45,18,18,24,24,23,24,32,33,33,27,34,36,23,9,16,26,31,5,8,7,6,6,5,5,7,6,3,0,4,3,6,13,21,5,8,4,38,27,11,9,6,3,8,11,64,36,72,80,48,50,49,51,61,57,59,89,138,129,71,85,120,114,113,181,223,105,101,109,94,89,107,104,109,94,79,115,99,99,96,95,96,98,92,96,96,95,67,77,103,100,107,108,115,110,141,117,132,136,128,130,148,156,155,150,150,173,164,160,164,175,160,161,171,172,169,170
2138,36,102,88,42,36,56,31,50,23,14,26,29,19,20,27,27,29,22,30,32,17,6,17,32,36,6,8,7,6,7,6,6,7,10,3,4,0,2,4,5,22,6,8,4,39,28,11,8,10,7,14,14,66,45,81,77,57,59,58,46,56,50,52,83,131,122,71,85,120,114,113,180,217,109,105,113,98,93,111,108,113,98,83,119,103,104,100,99,101,102,96,100,100,99,71,82,111,109,111,112,119,115,145,121,136,141,132,134,152,160,159,154,154,177,169,165,169,179,164,166,175,176,174,174
2139,37,101,86,45,42,54,29,48,21,17,27,27,14,22,29,30,32,18,27,34,20,7,13,23,28,2,4,5,3,2,2,3,3,9,1,3,2,0,1,7,20,2,7,3,37,26,14,11,9,6,13,14,64,43,80,75,56,58,57,48,55,50,52,85,131,122,67,81,116,109,108,176,217,108,103,112,97,91,109,106,112,97,81,118,102,102,98,97,99,101,94,98,99,97,69,80,109,107,109,110,118,113,143,119,135,139,131,133,151,158,158,153,153,176,167,163,167,177,163,164,174,174,172,173
2142,38,103,89,59,44,56,32,50,23,22,29,29,12,21,28,28,34,17,25,37,18,9,12,22,26,2,2,3,2,3,3,4,2,9,4,6,4,1,0,7,19,2,4,5,36,24,16,14,11,8,15,16,63,41,78,73,54,55,54,51,55,51,52,88,132,122,65,79,114,108,107,175,217,110,106,114,99,93,111,109,114,99,83,120,104,104,101,100,101,103,97,100,101,100,71,82,108,105,111,113,120,115,145,122,137,141,133,135,153,161,160,155,155,178,169,165,169,180,165,166,176,176,174,175
2155,39,110,96,53,47,64,39,57,31,15,28,37,6,15,22,22,28,11,19,31,12,3,9,20,24,7,7,7,6,9,7,9,5,15,10,13,5,7,7,0,22,9,8,12,39,28,13,21,18,13,22,16,66,45,81,77,57,59,58,45,49,45,46,94,125,116,66,80,115,108,107,175,211,117,113,121,106,101,119,116,121,106,91,127,111,111,108,107,108,110,104,108,108,107,79,89,112,109,113,120,127,122,152,129,144,148,140,142,160,168,167,162,162,185,176,172,176,187,172,173,183,183,181,182
2188,40,117,103,66,58,70,46,64,35,37,44,43,27,36,43,43,52,32,40,55,33,25,27,37,41,17,17,16,17,16,17,16,19,20,20,21,22,20,19,22,0,15,16,19,20,8,29,26,25,26,25,29,55,34,70,66,46,48,47,66,70,66,67,106,146,137,81,95,130,124,122,190,232,123,119,127,112,107,125,122,128,113,97,134,118,118,114,113,115,116,110,114,115,113,69,96,101,98,102,107,133,129,159,135,146,151,146,149,163,174,174,169,169,191,183,179,179,189,178,180,186,186,188,188
2199,41,102,88,52,44,56,31,49,23,23,29,29,14,22,29,30,38,18,26,41,19,11,13,23,27,1,3,2,3,1,1,1,4,7,4,5,6,2,2,9,15,0,3,4,33,22,15,12,9,5,13,15,60,39,75,71,51,53,52,53,57,52,54,92,133,124,68,82,117,110,109,177,219,109,104,113,97,92,110,107,113,98,82,119,103,103,99,98,100,102,95,99,100,98,70,81,106,103,110,111,119,114,144,120,135,140,132,134,152,159,159,154,154,177,168,164,168,178,164,165,175,175,173,174
2210,42,105,91,54,46,58,34,52,25,22,31,31,13,22,28,29,35,17,26,37,19,10,10,23,27,2,2,2,2,4,3,5,4,10,6,8,8,7,4,8,16,3,0,6,33,22,18,15,12,9,16,17,60,39,75,71,51,53,52,51,55,51,53,100,132,123,66,81,115,109,108,176,217,111,107,115,100,95,113,110,115,100,85,121,105,106,102,101,103,104,98,102,102,101,73,84,106,103,107,114,121,117,147,123,138,143,134,136,154,162,161,157,156,179,171,167,171,181,166,168,177,178,176,176
2215,43,101,87,50,42,54,30,48,21,21,27,27,17,27,33,33,36,22,30,39,23,14,15,27,31,5,6,5,7,5,4,6,8,11,2,4,4,3,5,12,19,4,6,0,35,23,17,14,12,7,15,17,62,40,77,72,53,54,53,54,58,53,55,103,134,125,69,83,118,111,110,178,220,111,106,115,100,94,112,109,115,100,84,121,105,105,101,100,102,104,97,101,102,100,72,83,107,104,108,113,121,116,146,122,137,142,134,136,154,161,161,156,156,179,170,166,170,180,166,167,177,177,175,176
2332,44,134,120,83,76,81,63,81,52,54,61,60,45,53,60,61,69,49,57,72,50,42,44,54,58,34,34,33,34,33,34,33,36,37,37,38,39,37,36,39,20,33,33,35,0,16,46,43,42,43,42,46,43,36,84,62,56,54,61,83,87,83,84,124,163,154,98,112,147,141,139,207,249,141,136,144,129,124,142,139,145,130,114,151,135,135,131,130,132,134,127,131,132,130,82,113,115,111,115,121,151,146,176,152,160,165,164,166,176,191,191,183,183,206,198,192,192,203,196,194,199,200,203,203
2370,45,123,109,71,64,76,52,70,41,43,49,49,33,42,49,49,58,38,46,60,39,30,33,43,47,22,22,21,23,22,23,22,25,25,26,27,28,26,24,28,8,22,22,23,16,0,36,33,32,33,32,35,50,31,77,61,53,55,54,73,77,72,74,113,153,144,88,102,137,131,129,197,239,130,126,134,119,114,132,129,134,119,104,140,124,124,121,120,122,123,117,121,121,120,76,103,108,105,109,114,140,136,166,142,153,158,153,155,169,181,180,175,175,198,189,186,186,196,185,186,193,193,195,195
2451,46,97,83,37,38,50,26,44,15,8,17,23,13,14,29,29,24,17,24,26,19,13,28,27,31,16,18,17,18,17,16,14,20,13,14,11,11,14,16,13,29,15,18,17,46,36,0,6,6,12,8,4,67,39,75,83,51,53,52,40,50,49,53,78,130,121,72,86,121,115,114,182,216,104,99,108,92,87,105,102,108,93,77,114,98,98,94,93,95,97,90,94,95,93,65,76,106,103,105,106,114,109,139,115,130,135,127,129,147,154,154,149,149,172,163,159,163,173,159,160,170,170,168,169
2453,47,94,80,42,36,47,23,41,15,13,17,20,18,19,34,34,29,22,29,31,24,18,23,32,36,14,15,14,15,14,13,11,17,11,11,9,8,11,14,21,26,12,15,14,43,33,6,0,3,9,5,4,64,36,72,80,48,50,49,45,55,53,57,82,135,125,76,91,125,119,118,186,220,100,96,104,89,84,102,99,105,90,74,111,95,95,91,90,92,94,87,91,92,90,62,73,103,100,102,103,110,106,136,112,127,132,123,126,143,151,151,146,146,168,160,156,160,170,156,157,167,167,165,166
2466,48,93,79,42,35,47,22,41,14,13,20,20,18,19,33,34,28,21,29,31,24,18,21,31,35,11,12,11,12,11,10,10,14,9,8,6,10,9,11,18,25,9,12,12,42,32,6,3,0,8,4,5,63,35,71,79,47,49,48,45,55,54,58,83,135,126,77,91,126,120,118,186,221,101,96,105,90,84,102,99,105,90,74,111,95,95,91,90,92,94,87,91,92,90,62,73,102,99,102,103,111,106,136,112,128,132,124,126,144,151,151,146,146,169,160,156,160,170,156,157,167,167,165,166
2467,49,99,85,47,40,52,28,46,17,19,25,25,23,24,39,39,34,27,35,36,29,23,17,37,41,6,8,7,7,5,6,4,8,3,5,3,7,6,8,13,26,5,9,7,43,33,12,9,8,0,7,11,64,36,73,80,48,50,49,51,61,60,64,89,141,132,83,97,132,126,124,192,227,106,101,110,94,89,107,104,110,95,79,116,100,100,96,95,97,99,92,96,97,95,67,78,103,100,104,108,116,111,141,117,132,137,129,131,149,156,156,151,151,174,165,161,165,175,161,162,172,172,170,171
2481,50,91,77,44,30,44,19,36,11,15,17,16,20,21,35,36,30,23,31,33,26,20,25,33,38,15,16,15,16,11,14,10,18,9,12,8,14,13,15,22,25,13,16,15,42,32,8,5,4,7,0,5,62,34,71,79,47,49,48,50,60,59,63,88,140,131,82,96,131,125,123,191,226,105,100,109,94,88,106,103,109,94,78,115,99,99,95,94,96,98,91,95,96,94,66,77,102,99,103,107,115,110,140,116,132,136,128,130,148,155,155,150,150,173,164,160,164,174,160,161,171,171,169,170
2493,51,97,82,40,23,50,25,32,11,11,13,15,16,17,32,32,27,20,27,29,22,16,26,30,34,16,17,16,18,16,15,14,20,13,13,11,14,14,16,16,29,15,17,17,46,35,4,4,5,11,5,0,66,38,74,82,50,52,51,44,54,53,57,82,134,125,76,90,125,119,117,185,220,103,98,106,91,86,104,101,107,92,76,113,97,97,93,92,94,96,89,93,94,92,64,75,105,102,104,105,112,108,138,114,129,134,125,128,145,153,153,148,148,170,162,158,162,172,158,159,169,169,167,168
2747,52,125,110,94,83,61,72,70,77,74,75,72,72,79,87,87,89,76,84,95,77,69,71,81,85,61,61,60,61,60,61,60,63,57,64,64,66,64,63,66,55,60,60,62,43,50,67,64,63,64,62,66,0,39,51,27,27,25,36,106,116,109,111,135,190,181,125,139,174,168,166,234,276,132,106,136,94,88,131,131,136,122,106,143,127,127,123,122,124,126,119,123,124,122,52,76,82,78,82,90,136,119,148,138,127,131,130,138,143,179,179,150,150,173,164,159,159,170,168,161,166,167,170,170
2766,53,106,92,70,47,47,36,53,42,46,39,37,50,51,66,67,65,54,62,59,56,51,50,64,68,39,39,38,40,38,39,33,41,29,43,36,45,43,41,45,34,39,39,40,36,31,39,36,35,36,34,38,39,0,44,49,20,20,27,78,88,87,89,103,168,159,103,117,152,146,145,212,254,114,109,118,102,97,115,112,118,103,87,124,108,108,104,103,105,107,100,104,105,103,49,86,75,72,76,87,124,119,142,125,121,125,123,132,137,164,164,144,144,167,158,153,153,163,169,155,160,160,163,164
2822,54,109,90,92,80,46,73,68,78,82,76,73,87,88,103,103,98,91,98,96,93,87,86,101,105,76,76,75,76,75,76,69,78,65,79,72,81,80,78,81,70,75,75,77,84,77,75,72,71,73,71,74,51,44,0,21,26,28,34,116,126,125,128,135,206,197,141,156,190,184,183,251,292,74,57,83,60,55,83,83,88,83,63,98,73,78,65,64,66,67,65,65,65,64,29,49,33,30,34,42,88,71,100,89,79,83,81,90,95,131,131,102,102,125,116,111,111,121,120,113,118,118,121,122
2840,55,131,116,100,88,67,81,76,86,90,84,81,82,96,98,98,105,87,95,104,88,79,82,92,96,72,71,71,72,71,72,71,74,73,75,80,77,75,73,77,66,71,71,72,62,61,83,80,79,80,79,82,27,49,21,0,33,34,40,117,127,121,122,141,201,192,136,150,185,179,177,245,287,96,79,105,82,77,107,107,112,105,80,120,95,100,87,86,88,89,87,87,87,86,52,76,57,54,58,64,112,95,124,113,103,107,105,114,119,155,155,126,126,149,140,135,135,145,144,137,142,142,145,146
2903,56,99,85,69,60,35,49,44,54,58,52,49,63,64,78,79,73,67,74,72,69,63,62,77,81,52,51,51,52,51,52,45,54,41,55,48,57,56,54,57,46,51,51,53,56,53,51,48,47,48,47,50,27,20,26,33,0,3,10,91,100,99,102,109,181,171,116,130,165,158,157,225,266,106,80,110,68,62,106,106,111,95,80,116,100,101,97,96,98,99,93,97,97,96,26,50,56,53,57,64,111,94,123,112,102,106,105,113,118,154,154,125,125,148,139,134,134,145,143,136,141,141,144,145
2914,57,101,87,71,62,37,51,46,56,60,54,51,65,66,80,81,75,68,76,74,71,65,64,78,83,54,53,52,54,53,54,47,56,43,57,50,59,58,55,59,48,53,53,54,54,55,53,50,49,50,49,52,25,20,28,34,3,0,13,93,103,102,104,112,183,174,118,132,167,161,160,227,269,109,82,113,70,64,107,108,113,98,82,119,103,103,99,99,100,102,95,99,100,99,29,53,58,55,59,67,112,95,124,114,103,108,106,114,119,156,155,127,127,150,141,136,136,146,144,138,143,143,146,147
2917,58,93,79,63,51,29,35,39,41,59,38,36,64,65,79,80,74,67,75,58,70,64,63,77,82,52,52,51,53,52,53,46,55,42,56,49,58,57,54,58,47,52,52,53,61,54,52,49,48,49,48,51,36,27,34,40,10,13,0,92,102,100,103,104,182,173,117,131,166,160,158,226,268,101,79,105,67,61,103,100,106,91,75,112,96,96,92,91,93,94,88,92,93,91,26,50,64,61,65,64,102,102,131,104,110,114,112,121,126,152,152,133,133,156,147,142,142,152,156,144,149,149,152,153
3054,59,127,113,33,48,78,57,62,61,32,52,55,39,29,34,38,19,42,29,23,39,39,54,53,57,51,51,51,50,53,51,53,49,53,54,51,46,48,51,45,66,53,51,54,83,73,40,45,45,51,50,44,106,78,116,117,91,93,92,0,13,12,17,52,93,84,49,65,95,109,108,178,179,134,129,138,123,117,135,132,138,123,107,144,128,128,124,123,125,127,120,124,125,123,93,106,133,137,133,134,144,139,169,145,160,165,157,159,177,184,184,179,179,202,193,189,193,203,189,190,200,200,198,199
3101,60,137,123,42,58,88,67,72,71,42,62,65,46,39,34,37,29,43,37,33,39,49,59,57,61,55,55,55,54,57,55,57,53,63,58,61,56,55,55,49,70,57,55,58,87,77,50,55,55,61,60,54,116,88,126,127,100,103,102,13,0,3,4,67,81,72,37,53,83,97,95,166,167,144,140,148,133,127,145,143,148,133,117,154,138,138,135,134,135,137,131,134,135,134,103,116,143,148,143,145,154,149,179,156,171,175,167,169,187,195,194,189,189,212,203,199,203,214,199,200,210,210,208,209
3103,61,136,122,40,56,87,65,71,70,41,60,64,41,37,30,32,28,38,33,32,34,47,54,53,57,51,50,51,50,52,51,53,49,62,54,57,50,50,51,45,66,52,51,53,83,72,49,53,54,60,59,53,109,87,125,121,99,102,100,12,3,0,5,72,86,76,38,54,83,98,96,164,171,143,139,147,132,127,145,142,147,132,117,153,137,138,134,133,135,136,130,134,134,133,103,116,143,147,143,144,153,149,179,155,170,175,166,168,186,194,193,188,188,211,203,199,203,213,198,200,209,210,208,208
3109,62,141,127,45,61,92,70,76,75,45,65,69,43,42,32,34,33,40,34,37,36,49,56,54,58,52,52,52,51,54,52,54,50,66,55,59,52,52,52,46,67,54,53,55,84,74,53,57,58,64,63,57,111,89,128,122,102,104,103,17,4,5,0,70,84,74,37,53,82,97,95,163,169,147,143,151,136,131,149,146,152,137,121,157,141,142,138,137,139,140,134,138,139,137,107,120,147,151,147,148,157,153,183,159,174,179,170,172,190,198,197,193,192,215,207,203,207,217,202,204,214,214,212,212
3431,63,61,79,39,59,86,74,66,79,75,69,73,88,78,83,87,64,91,78,68,87,88,103,102,106,100,100,100,99,94,93,92,98,91,86,89,83,85,88,94,106,92,100,103,124,113,78,82,83,89,88,82,135,103,135,141,109,112,104,52,67,72,70,0,78,65,92,111,129,161,159,204,149,116,113,104,113,118,117,118,120,90,106,106,98,95,107,106,107,109,107,106,107,106,102,127,142,146,142,131,127,123,153,129,144,149,140,141,160,166,166,163,163,185,177,173,177,187,171,174,184,184,182,183
3755,64,120,138,109,138,168,147,152,151,122,142,145,122,119,111,113,109,119,113,113,115,128,135,133,137,131,131,132,131,133,132,134,129,143,135,138,131,131,132,125,146,133,132,134,163,153,130,135,135,141,140,134,190,168,206,201,181,183,182,93,81,86,84,78,0,15,106,106,95,174,173,144,110,175,172,163,172,177,176,177,179,149,165,165,157,154,166,165,166,168,166,165,166,165,183,186,215,219,215,190,187,182,212,188,203,208,200,200,220,225,225,222,222,245,236,232,236,246,230,233,243,243,241,242
3766,65,107,126,104,129,159,138,143,142,113,133,136,113,110,102,104,100,110,104,104,106,119,126,124,128,122,122,122,121,124,122,124,120,134,125,129,122,122,122,116,137,124,123,125,154,144,121,125,126,132,131,125,181,159,197,192,171,174,173,84,72,76,74,65,15,0,96,115,98,165,163,147,101,166,163,154,163,168,167,167,170,140,156,156,148,145,157,156,157,159,157,156,157,156,174,177,205,210,206,181,177,173,203,179,194,199,190,191,210,216,216,213,212,235,227,223,227,237,221,224,234,234,232,232
3820,66,162,148,89,82,113,91,97,86,66,86,90,62,63,49,49,63,60,55,66,57,68,59,53,49,66,65,66,65,68,66,68,65,85,69,71,71,67,65,66,81,68,66,69,98,88,72,76,77,83,82,76,125,103,141,136,116,118,117,49,37,38,37,92,106,96,0,16,50,64,62,130,191,168,164,172,157,152,170,167,172,157,142,178,162,162,159,158,160,161,155,159,159,158,128,141,168,172,168,169,178,174,204,180,195,200,191,193,211,219,218,213,213,236,228,224,228,238,223,224,234,235,233,233
3906,67,176,162,103,96,127,105,111,101,81,100,104,76,77,63,64,78,74,69,80,71,82,73,67,63,80,79,80,79,82,80,82,79,99,83,85,85,81,79,80,95,82,81,83,112,102,86,91,91,97,96,90,139,117,156,150,130,132,131,65,53,54,53,111,106,115,16,0,39,44,42,110,211,190,186,194,179,174,192,189,194,180,164,200,184,185,181,180,182,183,177,181,181,180,150,163,190,194,190,191,200,196,226,202,217,222,213,215,233,241,240,236,235,258,250,246,250,260,245,247,257,257,255,255
4047,68,185,197,138,131,162,140,146,135,115,135,139,111,112,98,98,112,109,104,115,106,117,108,102,98,115,114,115,114,117,115,117,114,134,118,120,120,116,114,115,130,117,115,118,147,137,121,125,126,132,131,125,174,152,190,185,165,167,166,95,83,83,82,129,95,98,50,39,0,38,44,81,177,220,216,224,209,203,221,219,224,209,193,230,214,214,211,210,211,213,207,210,211,210,179,192,219,224,219,221,230,225,255,232,247,251,243,245,263,271,270,265,265,288,279,275,279,290,275,276,286,286,284,285
4092,69,205,190,132,125,156,134,139,129,109,129,132,105,106,91,92,106,102,98,109,100,110,102,96,92,109,108,109,108,111,109,111,108,128,112,114,114,109,108,108,124,110,109,111,141,131,115,119,120,126,125,119,168,146,184,179,158,161,160,109,97,98,97,161,174,165,64,44,38,0,7,70,259,211,207,215,200,195,213,210,215,201,185,221,205,206,202,201,203,204,198,202,202,201,171,184,211,215,211,212,221,217,247,223,238,243,234,236,254,262,261,257,256,279,271,267,271,281,266,268,278,278,276,276
4101,70,203,189,130,123,154,133,138,128,108,128,131,103,105,90,91,105,101,96,107,99,109,100,95,91,107,107,108,107,109,108,110,106,126,111,113,113,108,107,107,122,109,108,110,139,129,114,118,118,124,123,117,166,145,183,177,157,160,158,108,95,96,95,159,173,163,62,42,44,7,0,72,258,210,206,214,199,194,212,209,214,199,184,220,204,204,201,200,201,203,197,201,201,200,170,182,210,214,210,211,220,215,246,222,237,241,233,235,253,261,260,255,255,278,269,265,269,280,265,266,276,277,274,275
4276,71,256,257,198,191,222,201,206,196,176,196,199,171,173,158,159,173,169,164,175,167,177,168,163,158,175,175,176,175,177,176,178,174,194,179,181,180,176,175,175,190,177,176,178,207,197,182,186,186,192,191,185,234,212,251,245,225,227,226,178,166,164,163,204,144,147,130,110,81,70,72,0,174,278,274,282,267,262,280,277,282,267,252,288,272,273,269,268,270,271,265,269,269,268,238,251,278,282,278,279,288,284,314,290,305,310,301,303,321,329,328,323,323,346,338,334,338,348,333,334,344,345,343,343
5401,72,191,210,188,224,254,233,238,237,208,228,231,208,205,196,199,195,205,199,199,201,213,221,219,223,217,217,217,216,219,217,219,215,229,220,223,217,217,217,211,232,219,217,220,249,239,216,220,221,227,226,220,276,254,292,287,266,269,268,179,167,171,169,149,110,101,191,211,177,259,258,174,0,245,242,234,243,247,247,247,249,219,235,236,228,224,236,235,236,238,236,236,236,236,268,256,285,289,285,261,257,252,282,258,274,278,270,270,290,296,295,292,292,315,306,302,306,317,300,303,313,313,311,312
6032,73,55,36,101,89,78,81,77,92,111,90,88,115,116,122,127,113,119,117,108,121,115,120,129,133,110,111,110,112,110,109,111,113,108,107,105,109,108,110,117,123,109,111,111,141,130,104,100,101,106,105,103,132,114,74,96,106,109,101,134,144,143,147,116,175,166,168,190,220,211,210,278,245,0,19,18,20,24,9,10,5,31,32,25,20,25,11,10,10,9,14,10,10,11,60,36,60,64,61,37,17,22,46,25,40,45,35,30,58,56,55,57,57,80,71,67,69,79,60,68,76,76,76,77
6033,74,52,34,97,84,74,77,73,87,106,86,83,111,112,118,122,109,115,113,103,117,111,115,125,129,106,107,106,107,106,105,107,109,103,103,101,105,103,106,113,119,104,107,106,136,126,99,96,96,101,100,98,106,109,57,79,80,82,79,129,140,139,143,113,172,163,164,186,216,207,206,274,242,19,0,27,5,12,19,19,23,28,27,43,17,22,9,8,10,12,9,9,10,8,63,22,44,48,44,20,24,20,50,26,41,46,37,39,57,68,67,60,59,82,74,70,74,84,72,71,81,81,79,79
6035,75,44,25,105,93,82,85,81,95,115,94,92,119,120,126,130,117,123,121,112,125,119,124,133,137,114,115,114,116,114,113,115,117,112,111,109,113,112,114,121,127,113,115,115,144,134,108,104,105,110,109,106,136,118,83,105,110,113,105,138,148,147,151,104,163,154,172,194,224,215,214,282,234,18,27,0,27,32,31,31,22,19,37,16,10,10,21,20,15,23,21,20,21,20,64,41,69,74,70,45,41,37,66,43,58,63,54,55,74,75,75,77,76,99,91,87,91,101,79,88,98,98,96,96
6040,76,52,34,90,78,67,70,66,80,99,79,76,104,105,111,115,102,108,106,96,110,104,109,118,122,99,100,99,100,99,98,100,102,97,96,94,98,97,99,106,112,97,100,100,129,119,92,89,90,94,94,91,94,102,60,82,68,70,67,123,133,132,136,113,172,163,157,179,209,200,199,267,243,20,5,27,0,6,20,17,23,26,20,41,15,21,9,8,10,12,6,9,10,8,41,17,48,52,48,23,29,24,54,30,45,50,42,44,62,69,69,64,64,87,78,74,78,88,74,75,85,85,83,84
6043,77,57,39,85,72,55,64,60,75,94,74,71,99,100,106,110,97,102,101,91,105,99,103,112,117,93,95,94,95,94,93,94,97,91,91,89,93,91,93,101,107,92,95,94,124,114,87,84,84,89,88,86,88,97,55,77,62,64,61,117,127,127,131,118,177,168,152,174,203,195,194,262,247,24,12,32,6,0,26,23,29,32,15,47,21,26,15,14,16,17,12,15,16,14,38,14,35,39,39,18,34,30,60,36,51,56,47,50,67,75,75,70,70,92,84,80,84,94,79,81,91,91,89,89
6050,78,56,38,103,90,79,82,78,93,112,92,89,117,118,124,128,115,120,119,109,123,117,121,130,135,111,113,112,113,112,111,112,115,109,109,107,111,109,111,119,125,110,113,112,142,132,105,102,102,107,106,104,131,115,83,107,106,107,103,135,145,145,149,117,176,167,170,192,221,213,212,280,247,9,19,31,20,26,0,1,6,32,33,33,21,26,12,12,12,10,15,11,12,12,61,37,52,56,57,30,10,14,43,16,31,36,26,27,48,52,52,50,50,73,64,60,62,72,57,61,69,69,69,70
6051,79,57,38,100,87,77,80,76,90,109,89,86,114,115,121,125,112,118,116,106,120,114,118,127,132,109,110,109,110,109,108,110,112,106,106,104,108,106,109,116,122,107,110,109,139,129,102,99,99,104,103,101,131,112,83,107,106,108,100,132,143,142,146,118,177,167,167,189,219,210,209,277,247,10,19,31,17,23,1,0,7,32,34,33,21,27,12,12,12,10,15,12,12,12,61,38,52,56,57,30,11,14,44,16,31,36,26,28,47,53,52,50,50,72,64,60,62,72,57,61,69,69,69,70
6062,80,59,40,105,93,82,85,81,96,115,94,92,119,120,126,131,117,123,121,112,125,120,124,133,137,114,115,114,116,114,113,115,118,112,111,109,113,112,114,121,128,113,115,115,145,134,108,105,105,110,109,107,136,118,88,112,111,113,106,138,148,147,152,120,179,170,172,194,224,215,214,282,249,5,23,22,23,29,6,7,0,34,36,29,24,29,15,14,14,12,17,14,14,15,63,40,56,60,62,35,16,18,40,21,36,41,31,24,52,49,49,51,51,74,65,61,63,73,54,62,70,70,70,71
6082,81,29,10,90,78,67,70,66,81,100,80,77,104,105,111,116,102,108,106,97,110,105,109,118,122,99,100,99,101,99,98,100,103,97,97,94,98,97,99,106,113,98,100,100,130,119,93,90,90,95,94,92,122,103,83,105,95,98,91,123,133,132,137,90,149,140,157,180,209,201,199,267,219,31,28,19,26,32,32,32,34,0,16,35,13,10,22,21,22,24,22,21,22,21,47,27,71,75,71,46,42,38,68,44,59,64,55,56,75,81,81,78,77,100,92,88,92,102,86,89,99,99,97,97
6084,82,45,27,75,62,51,54,50,65,84,64,61,89,90,96,100,87,92,91,81,95,89,93,102,107,83,85,84,85,84,83,84,87,81,81,79,83,81,83,91,97,82,85,84,114,104,77,74,74,79,78,76,106,87,63,80,80,82,75,107,117,117,121,106,165,156,142,164,193,185,184,252,235,32,27,37,20,15,33,34,36,16,0,52,26,31,22,21,23,25,18,22,23,21,31,10,45,49,45,46,42,37,67,43,59,63,55,57,75,82,82,77,77,100,91,87,91,101,87,88,98,98,96,97
6091,83,46,30,111,99,88,91,87,102,121,100,98,125,126,132,137,123,129,127,118,131,126,130,139,143,120,121,120,122,120,119,121,124,118,117,115,119,118,120,127,134,119,121,121,151,140,114,111,111,116,115,113,143,124,98,120,116,119,112,144,154,153,157,106,165,156,178,200,230,221,220,288,236,25,43,16,41,47,33,33,29,35,52,0,26,25,37,35,28,38,37,36,36,36,80,57,85,89,85,61,50,53,58,58,59,64,58,49,71,67,67,69,69,92,83,79,81,92,72,79,88,88,88,89
6095,84,38,19,95,83,72,75,71,86,105,84,82,109,110,116,121,107,113,111,102,115,110,114,123,127,104,105,104,106,104,103,105,108,102,101,99,103,102,104,111,118,103,105,105,135,124,98,95,95,100,99,97,127,108,73,95,100,103,96,128,138,137,141,98,157,148,162,184,214,205,204,272,228,20,17,10,15,21,21,21,24,13,26,26,0,5,11,9,11,12,11,10,10,10,54,31,59,63,59,35,31,27,57,33,48,52,44,44,64,70,69,66,66,89,80,77,80,91,74,77,87,88,86,86
6096,85,34,15,95,83,72,75,71,86,105,85,82,109,110,117,121,107,113,111,102,115,110,114,123,127,104,105,105,106,104,103,105,108,102,102,99,104,102,104,111,118,103,106,105,135,124,98,95,95,100,99,97,127,108,78,100,101,103,96,128,138,138,142,95,154,145,162,185,214,206,204,273,224,25,22,10,21,26,26,27,29,10,31,25,5,0,15,14,15,17,16,15,15,15,59,36,64,68,64,40,36,31,61,38,53,57,49,49,69,75,74,71,71,94,85,81,85,96,79,82,92,92,90,91
6102,86,46,28,92,79,69,72,68,82,101,81,78,106,107,113,117,104,110,108,98,112,106,110,119,124,101,102,101,102,101,100,102,104,98,98,96,100,98,101,108,114,99,102,101,131,121,94,91,91,96,95,93,123,104,65,87,97,99,92,124,135,134,138,107,166,157,159,181,211,202,201,269,236,11,9,21,9,15,12,12,15,22,22,37,11,15,0,1,2,2,4,1,2,1,50,27,52,56,52,28,23,19,49,25,40,44,36,36,56,62,61,58,58,81,72,69,72,83,66,69,79,80,78,78
6103,87,45,26,91,78,68,71,67,81,100,80,77,105,106,112,116,103,109,107,97,111,105,109,119,123,100,101,100,101,100,99,101,103,97,97,95,99,97,100,107,113,98,101,100,130,120,93,90,90,95,94,92,122,103,64,86,96,99,91,123,134,133,137,106,165,156,158,180,210,201,200,268,235,10,8,20,8,14,12,12,14,21,21,35,9,14,1,0,2,3,3,1,1,1,49,26,51,55,51,27,23,18,48,25,40,44,36,35,56,61,60,58,58,81,72,68,72,83,65,69,79,79,77,78
6105,88,46,28,93,80,69,72,68,83,102,82,79,107,108,114,118,104,110,109,99,112,107,111,120,124,101,102,102,103,101,100,102,105,99,99,96,101,99,101,108,115,100,103,102,132,122,95,92,92,97,96,94,124,105,66,88,98,100,93,125,135,135,139,107,166,157,160,182,211,203,201,270,236,10,10,15,10,16,12,12,14,22,23,28,11,15,2,2,0,4,5,1,1,2,51,28,53,57,53,29,25,20,52,26,41,46,38,36,58,62,61,60,60,83,74,70,74,84,66,71,81,81,79,80
6106,89,48,29,94,82,71,74,70,85,104,83,81,108,109,115,120,106,112,110,101,114,108,113,122,126,103,104,103,105,103,102,104,107,101,100,98,102,101,103,110,116,102,104,104,134,123,97,94,94,99,98,96,126,107,67,89,99,102,94,127,137,136,140,109,168,159,161,183,213,204,203,271,238,9,12,23,12,17,10,10,12,24,25,38,12,17,2,3,4,0,7,3,3,4,53,29,54,59,54,30,26,22,50,28,43,48,39,34,59,60,59,61,61,84,75,72,75,86,64,72,82,83,81,81
6108,90,46,28,88,75,65,68,64,78,97,77,74,102,103,109,113,100,106,104,94,108,102,106,115,120,97,98,97,98,97,96,98,100,94,94,92,96,94,97,104,110,95,98,97,127,117,90,87,87,92,91,89,119,100,65,87,93,95,88,120,131,130,134,107,166,157,155,177,207,198,197,265,236,14,9,21,6,12,15,15,17,22,18,37,11,16,4,3,5,7,0,5,5,4,48,24,53,57,53,28,24,20,50,26,41,46,37,39,57,65,64,59,59,82,73,70,73,84,69,70,80,81,79,79
6115,91,45,27,92,79,68,71,67,82,101,81,78,106,107,113,117,104,109,108,98,112,106,110,119,124,100,102,101,102,101,100,101,104,98,98,96,100,98,100,108,114,99,102,101,131,121,94,91,91,96,95,93,123,104,65,87,97,99,92,124,134,134,138,106,165,156,159,181,210,202,201,269,236,10,9,20,9,15,11,12,14,21,22,36,10,15,1,1,1,3,5,0,0,1,50,27,52,56,52,28,24,19,49,25,40,45,37,35,57,61,60,59,59,82,73,69,73,83,65,70,80,80,78,79
6156,92,46,28,92,80,69,72,68,83,102,81,79,106,107,113,118,104,110,108,99,112,107,111,120,124,101,102,101,103,101,100,102,105,99,98,96,100,99,101,108,115,100,102,102,132,121,95,92,92,97,96,94,124,105,65,87,97,100,93,125,135,134,139,107,166,157,159,181,211,202,201,269,236,10,10,21,10,16,12,12,14,22,23,36,10,15,2,1,1,3,5,0,0,1,50,27,52,56,52,28,24,19,52,26,41,45,37,35,57,61,60,59,59,82,73,69,73,84,65,70,80,80,78,79
6183,93,45,27,91,78,68,71,67,81,100,80,77,105,106,112,116,103,109,107,97,111,105,109,119,123,100,101,100,101,100,99,101,103,97,97,95,99,97,100,107,113,98,101,100,130,120,93,90,90,95,94,92,122,103,64,86,96,99,91,123,134,133,137,106,165,156,158,180,210,201,200,268,236,11,8,20,8,14,12,12,15,21,21,36,10,15,1,1,2,4,4,1,1,0,49,26,51,55,51,27,22,18,48,24,39,44,35,37,55,62,62,58,57,80,72,68,72,82,66,69,79,79,77,77
6241,94,85,71,61,48,18,42,36,53,72,51,49,77,77,82,86,73,80,77,67,83,77,81,90,95,71,73,72,73,72,71,72,75,69,69,67,71,69,71,79,69,70,73,72,82,76,65,62,62,67,66,64,52,49,29,52,26,29,26,93,103,103,107,102,183,174,128,150,179,171,170,238,268,60,63,64,41,38,61,61,63,47,31,80,54,59,50,49,51,53,48,50,50,49,0,26,46,50,46,47,70,65,109,71,87,92,90,98,104,110,110,111,111,134,125,120,120,130,115,122,127,127,130,131
6269,95,66,48,74,61,35,53,49,64,83,63,60,88,89,95,99,86,91,90,80,94,88,92,101,105,82,84,83,84,83,81,83,86,80,80,77,82,80,82,89,96,81,84,83,113,103,76,73,73,78,77,75,76,86,49,76,50,53,50,106,116,116,120,127,186,177,141,163,192,184,182,251,256,36,22,41,17,14,37,38,40,27,10,57,31,36,27,26,28,29,24,27,27,26,26,0,36,40,36,26,45,40,70,46,62,66,58,60,78,85,85,80,80,103,94,90,94,104,90,91,101,101,99,100
6320,96,95,76,101,88,58,82,76,93,113,91,89,118,117,122,126,113,121,117,107,124,118,117,131,136,107,106,106,107,106,107,100,109,96,109,103,111,109,108,112,101,106,106,107,115,108,106,103,102,103,102,105,82,75,33,57,56,58,64,133,143,143,147,142,215,205,168,190,219,211,210,278,285,60,44,69,48,35,52,52,56,71,45,85,59,64,52,51,53,54,53,52,52,51,46,36,0,5,7,24,56,39,68,58,47,52,50,58,63,100,99,71,71,93,85,80,80,90,88,82,87,87,90,91
6340,97,99,81,105,92,63,87,81,97,110,95,93,115,116,126,130,117,118,121,111,121,115,114,128,132,103,103,102,104,103,104,97,106,93,107,100,109,107,105,109,98,103,103,104,111,105,103,100,99,100,99,102,78,72,30,54,53,55,61,137,148,147,151,146,219,210,172,194,224,215,214,282,289,64,48,74,52,39,56,56,60,75,49,89,63,68,56,55,57,59,57,56,56,55,50,40,5,0,6,28,60,43,72,62,51,56,54,62,67,104,103,75,75,98,89,84,84,94,92,86,91,91,94,95
6349,98,95,76,101,88,58,82,76,93,112,91,89,117,117,122,126,113,120,117,107,123,117,118,130,135,107,107,106,108,112,111,101,110,97,109,107,111,109,111,113,102,110,107,108,115,109,105,102,102,104,103,104,82,76,34,58,57,59,65,133,143,143,147,142,215,206,168,190,219,211,210,278,285,61,44,70,48,39,57,57,62,71,45,85,59,64,52,51,53,54,53,52,52,51,46,36,7,6,0,29,60,43,72,62,51,56,54,62,67,104,103,74,74,97,89,83,83,94,92,86,90,91,94,94
6415,99,71,52,102,89,60,84,78,94,113,92,90,118,118,123,127,114,122,118,108,124,118,122,132,136,113,114,113,114,113,112,114,116,110,110,108,112,110,113,120,107,111,114,113,121,114,106,103,103,108,107,105,90,87,42,64,64,67,64,134,145,144,148,131,190,181,169,191,221,212,211,279,261,37,20,45,23,18,30,30,35,46,46,61,35,40,28,27,29,30,28,28,28,27,47,26,24,28,29,0,43,20,68,44,59,64,56,58,76,86,86,78,78,101,92,88,92,102,90,89,99,99,97,98
6451,100,67,48,111,99,88,91,87,102,121,100,98,125,126,132,137,123,129,127,118,131,125,130,139,143,120,121,120,122,120,119,121,123,118,117,115,119,118,120,127,133,119,121,121,151,140,114,110,111,116,115,112,136,124,88,112,111,112,102,144,154,153,157,127,187,177,178,200,230,221,220,288,257,17,24,41,29,34,10,11,16,42,42,50,31,36,23,23,25,26,24,24,24,22,70,45,56,60,60,43,0,11,35,9,24,29,19,16,40,45,44,43,42,65,57,53,55,65,49,54,61,62,62,62
6457,101,62,44,107,94,83,86,82,97,116,96,93,121,122,128,132,119,124,123,113,127,121,125,134,138,115,117,116,117,116,115,116,119,113,113,110,115,113,115,122,129,114,117,116,146,136,109,106,106,111,110,108,119,119,71,95,94,95,102,139,149,149,153,123,182,173,174,196,225,217,215,284,252,22,20,37,24,30,14,14,18,38,37,53,27,31,19,18,20,22,20,19,19,18,65,40,39,43,43,20,11,0,44,12,27,32,23,27,43,55,55,54,54,76,68,60,60,70,60,65,67,67,73,74
6484,102,92,74,137,124,113,116,112,127,146,126,123,151,152,158,162,149,154,153,143,157,151,155,164,168,145,147,146,147,146,145,146,149,143,143,141,145,143,145,152,159,144,147,146,176,166,139,136,136,141,140,138,148,142,100,124,123,124,131,169,179,179,183,153,212,203,204,226,255,247,246,314,282,46,50,66,54,60,43,44,40,68,67,58,57,61,49,48,52,50,50,49,52,48,109,70,68,72,72,68,35,44,0,30,13,13,17,17,11,28,28,14,14,37,28,24,26,37,32,25,33,33,33,34
6492,103,68,50,113,100,90,93,89,103,122,102,99,127,128,134,138,125,131,129,119,133,127,131,140,145,122,123,122,123,122,121,123,125,119,119,117,121,119,122,129,135,120,123,122,152,142,115,112,112,117,116,114,138,125,89,113,112,114,104,145,156,155,159,129,188,179,180,202,232,223,222,290,258,25,26,43,30,36,16,16,21,44,43,58,33,38,25,25,26,28,26,25,26,24,71,46,58,62,62,44,9,12,30,0,15,20,11,22,31,55,55,39,39,62,53,48,48,58,60,50,55,55,58,59
6510,104,84,65,128,116,100,108,104,118,137,117,114,142,143,149,153,140,146,144,134,148,142,147,156,160,137,138,137,138,137,136,138,140,135,134,132,136,135,137,144,146,135,138,137,160,153,130,127,128,132,132,129,127,121,79,103,102,103,110,160,171,170,174,144,203,194,195,217,247,238,237,305,274,40,41,58,45,51,31,31,36,59,59,59,48,53,40,40,41,43,41,40,41,39,87,62,47,51,51,59,24,27,13,15,0,7,4,11,18,38,38,25,25,48,40,34,34,45,43,37,41,42,45,45
6516,105,88,70,133,120,105,112,108,123,142,122,119,147,148,154,158,145,150,149,139,153,147,151,160,164,141,143,142,143,142,140,142,145,139,139,136,141,139,141,148,151,140,143,142,165,158,135,132,132,137,136,134,131,125,83,107,106,108,114,165,175,175,179,149,208,199,200,222,251,243,241,310,278,45,46,63,50,56,36,36,41,64,63,64,52,57,44,44,46,48,46,45,45,44,92,66,52,56,56,64,29,32,13,20,7,0,9,13,14,37,46,22,22,45,36,31,31,41,39,33,38,38,41,42
6517,106,80,61,124,112,103,104,100,115,134,113,111,138,139,145,150,136,142,140,131,144,138,143,152,156,133,134,133,135,133,132,134,136,131,130,128,132,131,133,140,146,132,134,134,164,153,127,123,124,129,128,125,130,123,81,105,105,106,112,157,167,166,170,140,200,190,191,213,243,234,233,301,270,35,37,54,42,47,26,26,31,55,55,58,44,49,36,36,38,39,37,37,37,35,90,58,50,54,54,56,19,23,17,11,4,9,0,14,21,42,41,27,27,50,41,38,38,48,44,38,45,45,46,47
6524,107,80,61,126,114,103,106,102,117,136,115,113,140,141,147,152,138,144,142,133,146,141,145,154,158,135,136,135,137,135,134,136,139,133,132,130,134,133,135,142,149,134,136,136,166,155,129,126,126,131,130,128,138,132,90,114,113,114,121,159,169,168,172,141,200,191,193,215,245,236,235,303,270,30,39,55,44,50,27,28,24,56,57,49,44,49,36,35,36,34,39,35,35,37,98,60,58,62,62,58,16,27,17,22,11,13,14,0,24,35,34,28,28,50,42,38,39,49,39,39,46,46,47,48
6615,108,100,81,144,132,116,124,120,135,154,133,131,158,159,165,170,156,162,160,151,164,158,163,172,176,153,154,153,155,153,152,154,156,151,150,148,152,151,153,160,163,152,154,154,176,169,147,143,144,149,148,145,143,137,95,119,118,119,126,177,187,186,190,160,220,210,211,233,263,254,253,321,290,58,57,74,62,67,48,47,52,75,75,71,64,69,56,56,58,59,57,57,57,55,104,78,63,67,67,76,40,43,11,31,18,14,21,24,0,30,40,15,9,32,26,19,19,29,33,26,26,26,31,32
6810,109,106,87,152,139,129,132,128,142,161,141,138,166,167,173,177,164,170,168,158,172,166,170,179,184,161,162,161,162,161,160,162,164,158,158,156,160,158,161,168,174,159,162,161,191,181,154,151,151,156,155,153,179,164,131,155,154,156,152,184,195,194,198,166,225,216,219,241,271,262,261,329,296,56,68,75,69,75,52,53,49,81,82,67,70,75,62,61,62,60,65,61,61,62,110,85,100,104,104,86,45,55,28,55,38,37,42,35,30,0,3,21,22,37,18,20,23,33,7,15,30,30,22,22
6814,110,105,86,151,139,128,131,127,142,161,140,138,165,166,172,177,163,169,167,158,171,165,170,179,183,160,161,160,162,160,159,161,164,158,157,155,159,158,160,167,174,159,161,161,191,180,154,151,151,156,155,153,179,164,131,155,154,155,152,184,194,193,197,166,225,216,218,240,270,261,260,328,295,55,67,75,69,75,52,52,49,81,82,67,69,74,61,60,61,59,64,60,60,62,110,85,99,103,103,86,44,55,28,55,38,46,41,34,40,3,0,23,26,37,18,19,23,33,7,15,29,30,21,22
6824,111,102,83,146,134,124,126,122,137,156,136,133,160,161,167,172,158,164,162,153,166,161,165,174,178,155,156,156,157,155,154,156,159,153,153,150,154,153,155,162,169,154,157,156,183,175,149,146,146,151,150,148,150,144,102,126,125,127,133,179,189,188,193,163,222,213,213,236,265,257,255,323,292,57,60,77,64,70,50,50,51,78,77,69,66,71,58,58,60,61,59,59,59,58,111,80,71,75,74,78,43,54,14,39,25,22,27,28,15,21,23,0,12,23,14,10,13,23,18,11,18,20,19,20
6825,112,102,83,146,134,124,126,122,137,156,135,133,160,161,167,172,158,164,162,153,166,160,165,174,178,155,156,155,157,155,154,156,159,153,152,150,154,153,155,162,169,154,156,156,183,175,149,146,146,151,150,148,150,144,102,126,125,127,133,179,189,188,192,163,222,212,213,235,265,256,255,323,292,57,59,76,64,70,50,50,51,77,77,69,66,71,58,58,60,61,59,59,59,57,111,80,71,75,74,78,42,54,14,39,25,22,27,28,9,22,26,12,0,26,17,14,14,25,21,14,21,22,23,23
6830,113,125,106,169,157,146,149,145,160,179,158,156,183,184,190,195,181,187,185,176,189,183,188,197,201,178,179,178,180,178,177,179,181,176,175,173,177,176,178,185,191,177,179,179,206,198,172,168,169,174,173,170,173,167,125,149,148,150,156,202,212,211,215,185,245,235,236,258,288,279,278,346,315,80,82,99,87,92,73,72,74,100,100,92,89,94,81,81,83,84,82,82,82,80,134,103,93,98,97,101,65,76,37,62,48,45,50,50,32,37,37,23,26,0,14,16,18,6,24,20,7,7,9,10
6840,114,116,97,161,148,138,140,136,151,170,150,147,174,175,182,186,172,178,177,167,180,175,179,188,192,169,170,170,171,169,168,170,173,167,167,164,169,167,169,176,183,168,171,170,198,189,163,160,160,165,164,162,164,158,116,140,139,141,147,193,203,203,207,177,236,227,228,250,279,271,269,338,306,71,74,91,78,84,64,64,65,92,91,83,80,85,72,72,74,75,73,73,73,72,125,94,85,89,89,92,57,68,28,53,40,36,41,42,26,18,18,14,17,14,0,8,9,20,11,6,10,16,8,9
6851,115,112,94,157,144,133,136,132,147,166,146,143,171,172,178,182,169,174,173,163,177,171,175,184,188,165,167,166,167,166,165,166,169,163,163,160,165,163,165,172,179,164,167,166,192,186,159,156,156,161,160,158,159,153,111,135,134,136,142,189,199,199,203,173,232,223,224,246,275,267,265,334,302,67,70,87,74,80,60,60,61,88,87,79,77,81,69,68,70,72,70,69,69,68,120,90,80,84,83,88,53,60,24,48,34,31,38,38,19,20,19,10,14,16,8,0,4,14,14,7,11,11,13,13
6854,116,116,97,161,148,133,140,136,151,170,150,147,174,175,182,186,172,178,177,167,180,175,179,188,192,169,170,170,171,169,168,170,173,167,167,164,169,167,169,176,179,168,171,170,192,186,163,160,160,165,164,162,159,153,111,135,134,136,142,193,203,203,207,177,236,227,228,250,279,271,269,338,306,69,74,91,78,84,62,62,63,92,91,81,80,85,72,72,74,75,73,73,73,72,120,94,80,84,83,92,55,60,26,48,34,31,38,39,19,23,23,13,14,18,9,4,0,13,16,9,10,10,15,15
6870,117,126,108,171,158,143,151,147,161,180,160,157,185,186,192,196,183,189,187,177,191,185,189,199,203,180,181,180,181,180,179,181,183,177,177,175,179,177,180,187,189,178,181,180,203,196,173,170,170,175,174,172,170,163,121,145,145,146,152,203,214,213,217,187,246,237,238,260,290,281,280,348,317,79,84,101,88,94,72,72,73,102,101,92,91,96,83,83,84,86,84,83,84,82,130,104,90,94,94,102,65,70,37,58,45,41,48,49,29,33,33,23,25,6,20,14,13,0,26,19,3,3,9,10
6877,118,110,91,156,144,133,136,132,147,166,145,143,170,171,177,182,168,174,172,163,176,170,175,184,188,165,166,165,167,165,164,166,169,163,162,160,164,163,165,172,178,164,166,166,196,185,159,156,156,161,160,158,168,169,120,144,143,144,156,189,199,198,202,171,230,221,223,245,275,266,265,333,300,60,72,79,74,79,57,57,54,86,87,72,74,79,66,65,66,64,69,65,65,66,115,90,88,92,92,90,49,60,32,60,43,39,44,39,33,7,7,18,21,24,11,14,16,26,0,9,23,24,15,15
6897,119,113,94,157,145,135,137,133,148,167,147,144,171,172,179,183,169,175,173,164,177,172,176,185,189,166,167,167,168,166,165,167,170,164,164,161,166,164,166,173,180,165,168,167,194,186,160,157,157,162,161,159,161,155,113,137,136,138,144,190,200,200,204,174,233,224,224,247,276,268,266,334,303,68,71,88,75,81,61,61,62,89,88,79,77,82,69,69,71,72,70,70,70,69,122,91,82,86,86,89,54,65,25,50,37,33,38,39,26,15,15,11,14,20,6,7,9,19,9,0,16,17,16,17
6901,120,123,104,167,155,139,147,143,158,177,157,154,181,182,188,193,179,185,183,174,187,182,186,195,199,176,177,177,178,176,175,177,180,174,174,171,175,174,176,183,186,175,177,177,199,193,170,167,167,172,171,169,166,160,118,142,141,143,149,200,210,209,214,184,243,234,234,257,286,278,276,344,313,76,81,98,85,91,69,69,70,99,98,88,87,92,79,79,81,82,80,80,80,79,127,101,87,91,90,99,61,67,33,55,41,38,45,46,26,30,29,18,21,7,10,11,10,3,23,16,0,1,7,7
6902,121,123,105,168,155,140,147,143,158,177,157,154,182,183,189,193,180,185,184,174,188,182,186,195,199,176,178,177,178,177,176,177,180,174,174,172,176,174,176,183,186,175,178,177,200,193,170,167,167,172,171,169,167,160,118,142,141,143,149,200,210,210,214,184,243,234,235,257,286,278,277,345,313,76,81,98,85,91,69,69,70,99,98,88,88,92,80,79,81,83,81,80,80,79,127,101,87,91,91,99,62,67,33,55,42,38,45,46,26,30,30,20,22,7,16,11,10,3,24,17,1,0,8,8
6903,122,121,103,166,153,143,145,141,156,175,155,152,180,181,187,191,178,183,182,172,186,180,184,193,197,174,176,175,176,175,174,175,178,172,172,169,174,172,174,181,188,173,176,175,203,195,168,165,165,170,169,167,170,163,121,145,144,146,152,198,208,208,212,182,241,232,233,255,284,276,274,343,311,76,79,96,83,89,69,69,70,97,96,88,86,90,78,77,79,81,79,78,78,77,130,99,90,94,94,97,62,73,33,58,45,41,46,47,31,22,21,19,23,9,8,13,15,9,15,16,7,8,0,2
6927,123,122,103,166,154,143,146,142,157,176,155,153,180,181,187,192,178,184,182,173,186,180,185,194,198,175,176,175,177,175,174,176,179,173,172,170,174,173,175,182,188,174,176,176,203,195,169,166,166,171,170,168,170,164,122,146,145,147,153,199,209,208,212,183,242,232,233,255,285,276,275,343,312,77,79,96,84,89,70,70,71,97,97,89,86,91,78,78,80,81,79,79,79,77,131,100,91,95,94,98,62,74,34,59,45,42,47,48,32,22,22,20,23,10,9,13,15,10,15,17,7,8,2,0
